{"cameraMode":{"drawMode":0,"name":"Shaded","section":"Shading Mode"},"sceneLighting":false,"audioPlay":false,"sceneViewState":{"showFog":false,"showMaterialUpdate":false,"showSkybox":false,"showFlares":false,"showImageEffects":false,"showParticleSystems":false},"in2DMode":false,"pivot":{"x":0.1556396484375,"y":1.6058349609375,"z":0.5009765625},"rotation":{"x":-0.015034515410661698,"y":-0.9835245609283447,"z":0.0976882204413414,"w":-0.15136593580245973},"size":3.1321210861206056,"orthographic":true}