{"cameraMode":{"drawMode":0,"name":"Shaded","section":"Shading Mode"},"sceneLighting":false,"audioPlay":false,"sceneViewState":{"showFog":false,"showMaterialUpdate":false,"showSkybox":false,"showFlares":false,"showImageEffects":false,"showParticleSystems":false},"in2DMode":false,"pivot":{"x":-0.046292781829833987,"y":0.8999999761581421,"z":0.6757870316505432},"rotation":{"x":0.19514809548854829,"y":-0.7506235241889954,"z":0.25334811210632326,"w":0.5782446265220642},"size":4.9342193603515629,"orthographic":false}