{"cameraMode":{"drawMode":0,"name":"Shaded","section":"Shading Mode"},"sceneLighting":false,"audioPlay":false,"sceneViewState":{"showFog":false,"showMaterialUpdate":false,"showSkybox":false,"showFlares":false,"showImageEffects":false,"showParticleSystems":false},"in2DMode":false,"pivot":{"x":-3.725290298461914e-9,"y":0.04951661825180054,"z":0.10013261437416077},"rotation":{"x":0.045351624488830569,"y":-0.6922428011894226,"z":0.04366910457611084,"w":0.7189141511917114},"size":0.30638113617897036,"orthographic":true}