{"cameraMode":{"drawMode":0,"name":"Shaded","section":"Shading Mode"},"sceneLighting":false,"audioPlay":false,"sceneViewState":{"showFog":false,"showMaterialUpdate":false,"showSkybox":false,"showFlares":false,"showImageEffects":false,"showParticleSystems":false},"in2DMode":false,"pivot":{"x":-1.5104365348815919,"y":0.6134004592895508,"z":-0.03588604927062988},"rotation":{"x":0.2767498195171356,"y":-0.024500269442796708,"z":0.00706166448071599,"w":0.9606185555458069},"size":5.742555141448975,"orthographic":false}