{"cameraMode":{"drawMode":0,"name":"Shaded","section":"Shading Mode"},"sceneLighting":false,"audioPlay":false,"sceneViewState":{"showFog":false,"showMaterialUpdate":false,"showSkybox":false,"showFlares":false,"showImageEffects":false,"showParticleSystems":false},"in2DMode":false,"pivot":{"x":-1.1920928955078126e-7,"y":0.8587489128112793,"z":-0.02791529893875122},"rotation":{"x":-0.04650351032614708,"y":0.9243324995040894,"z":-0.3593769371509552,"w":-0.11962452530860901},"size":4.791098117828369,"orthographic":false}