{"cameraMode":{"drawMode":0,"name":"Shaded","section":"Shading Mode"},"sceneLighting":false,"audioPlay":false,"sceneViewState":{"showFog":false,"showMaterialUpdate":false,"showSkybox":false,"showFlares":false,"showImageEffects":false,"showParticleSystems":false},"in2DMode":false,"pivot":{"x":1.873746633529663,"y":5.630834102630615,"z":-6.43310546875},"rotation":{"x":0.07936909049749375,"y":0.03438424691557884,"z":-0.002739319112151861,"w":0.9962489008903503},"size":8.36523151397705,"orthographic":true}